font_size,font_is_bold,norm_x0,norm_y0,word_count,char_count,uppercase_ratio,ends_with_punctuation,numbering_pattern,node_degree,avg_neighbor_distance,font_size_ratio,bold_vs_neighbors,space_above,indentation_vs_below,page_idx,node_idx,text_snippet,,,,,label
12.40139961,0,0.100137404,0.647601365,1,8,0.875,0,0,4,138.4020375,0.938870789,0,0,0.770000458,1,0,ADDRESS: ,,,,,body
11.11428125,0,0.179082014,0.668246504,13,80,0.7,0,0,5,99.66845213,0.770238131,0,14.16339111,35.39879608,1,1,TOPJUMP ,,,,,body
19.53359795,0,0.090445956,0.762829959,2,22,0.181818182,0,0,5,74.52914426,1.532551062,0,64.88803101,64.29769707,1,2,RSVP: ----------------,,,,,body
7.207225323,0,0.191074091,0.810080783,7,43,0.860465116,0,0,5,73.25740062,0.473814171,0,32.41595459,31.48889923,1,3,CLOSED TOED SHOES ARE REQUIRED FOR CLIMBING ,,,,,body
14.98027926,0,0.102499078,0.833522078,24,138,0.782608696,1,0,5,89.44147004,1.096936468,0,16.08166504,60.36789703,1,4,"PARENTS OR GUARDIANS NOT ATTENDING THE PARTY, ",,,,,body
18.02584267,0,0.287653953,0.91029636,1,15,0.866666667,0,0,4,94.06434119,1.364679605,0,52.67022705,0,1,5,WWW.TOPJUMP.COM ,,,,,body
