font_size,font_is_bold,norm_x0,norm_y0,word_count,char_count,uppercase_ratio,ends_with_punctuation,numbering_pattern,node_degree,avg_neighbor_distance,font_size_ratio,bold_vs_neighbors,space_above,indentation_vs_below,page_idx,node_idx,text_snippet
12.401399612426758,0,0.10013740351053228,0.6476013647235042,1,8,0.875,0,0,4,138.40203753268926,0.9388707889620895,0,0.0,0.7700004577636719,1,0,ADDRESS: 
11.114281245640345,0,0.17908201378944463,0.668246504317274,13,80,0.7,0,0,5,99.66845212758301,0.770238130562362,0,14.16339111328125,35.39879608154297,1,1,TOPJUMP 
19.533597946166992,0,0.09044595616360245,0.7628299587574073,2,22,0.18181818181818182,0,0,5,74.52914426300806,1.532551062380703,0,64.88803100585938,64.29769706726074,1,2,RSVP: ----------------
7.207225322723389,0,0.19107409067606768,0.8100807832400466,7,43,0.8604651162790697,0,0,5,73.25740062474202,0.47381417055494895,0,32.41595458984375,31.48889923095703,1,3,CLOSED TOED SHOES ARE REQUIRED FOR CLIMBING 
14.980279260211521,0,0.1024990782669528,0.8335220775583517,24,138,0.782608695652174,1,0,5,89.44147004340556,1.096936467744488,0,16.0816650390625,60.367897033691406,1,4,"PARENTS OR GUARDIANS NOT ATTENDING THE PARTY, "
18.025842666625977,0,0.2876539532870653,0.9102963600166867,1,15,0.8666666666666667,0,0,4,94.06434119418623,1.364679605128044,0,52.67022705078125,0.0,1,5,WWW.TOPJUMP.COM 
